Auto-commit at Sat Mar 29 09:37:44 UTC 2025
Auto-commit at Sat Mar 29 09:51:06 UTC 2025
Commit 1 at Sat Mar 29 10:52:41 UTC 2025
Commit 2 at Sat Mar 29 10:52:42 UTC 2025
Commit 3 at Sat Mar 29 10:52:43 UTC 2025
Commit 4 at Sat Mar 29 10:52:44 UTC 2025
Commit 5 at Sat Mar 29 10:52:45 UTC 2025
Commit 6 at Sat Mar 29 10:52:46 UTC 2025
Commit 1 at Sun Mar 30 01:22:42 UTC 2025
Commit 2 at Sun Mar 30 01:22:47 UTC 2025
Commit 3 at Sun Mar 30 01:22:52 UTC 2025
Commit 4 at Sun Mar 30 01:22:57 UTC 2025
Commit 5 at Sun Mar 30 01:23:02 UTC 2025
Commit 6 at Sun Mar 30 01:23:07 UTC 2025
Commit 7 at Sun Mar 30 01:23:12 UTC 2025
Commit 8 at Sun Mar 30 01:23:17 UTC 2025
Commit 1 at Sun Mar 30 06:30:53 UTC 2025
Commit 2 at Sun Mar 30 06:30:58 UTC 2025
Commit 3 at Sun Mar 30 06:31:03 UTC 2025
Commit 4 at Sun Mar 30 06:31:08 UTC 2025
Commit 5 at Sun Mar 30 06:31:13 UTC 2025
Commit 6 at Sun Mar 30 06:31:18 UTC 2025
Commit 7 at Sun Mar 30 06:31:24 UTC 2025
Commit 1 at Sun Mar 30 06:42:28 UTC 2025
Commit 2 at Sun Mar 30 06:42:29 UTC 2025
Commit 3 at Sun Mar 30 06:42:30 UTC 2025
Commit 4 at Sun Mar 30 06:42:31 UTC 2025
Commit 5 at Sun Mar 30 06:42:32 UTC 2025
Commit 6 at Sun Mar 30 06:42:33 UTC 2025
Commit 7 at Sun Mar 30 06:42:34 UTC 2025
Commit 1 at Mon Mar 31 02:25:12 UTC 2025
Commit 2 at Mon Mar 31 02:25:13 UTC 2025
Commit 3 at Mon Mar 31 02:25:14 UTC 2025
Commit 4 at Mon Mar 31 02:25:15 UTC 2025
Commit 5 at Mon Mar 31 02:25:16 UTC 2025
Commit 6 at Mon Mar 31 02:25:17 UTC 2025
Commit 7 at Mon Mar 31 02:25:18 UTC 2025
Commit 8 at Mon Mar 31 02:25:19 UTC 2025
Commit 9 at Mon Mar 31 02:25:20 UTC 2025
Commit 1 at Tue Apr  1 02:39:23 UTC 2025
Commit 2 at Tue Apr  1 02:39:24 UTC 2025
Commit 3 at Tue Apr  1 02:39:25 UTC 2025
Commit 1 at Wed Apr  2 02:21:22 UTC 2025
Commit 2 at Wed Apr  2 02:21:23 UTC 2025
Commit 3 at Wed Apr  2 02:21:24 UTC 2025
Commit 4 at Wed Apr  2 02:21:25 UTC 2025
Commit 1 at Thu Apr  3 02:20:07 UTC 2025
Commit 1 at Fri Apr  4 02:19:57 UTC 2025
Commit 2 at Fri Apr  4 02:19:58 UTC 2025
Commit 3 at Fri Apr  4 02:19:59 UTC 2025
Commit 1 at Sat Apr  5 02:17:47 UTC 2025
Commit 2 at Sat Apr  5 02:17:48 UTC 2025
Commit 3 at Sat Apr  5 02:17:49 UTC 2025
Commit 1 at Sun Apr  6 02:25:04 UTC 2025
Commit 2 at Sun Apr  6 02:25:05 UTC 2025
Commit 3 at Sun Apr  6 02:25:06 UTC 2025
Commit 4 at Sun Apr  6 02:25:07 UTC 2025
Commit 5 at Sun Apr  6 02:25:08 UTC 2025
Commit 6 at Sun Apr  6 02:25:09 UTC 2025
Commit 7 at Sun Apr  6 02:25:10 UTC 2025
Commit 8 at Sun Apr  6 02:25:11 UTC 2025
Commit 9 at Sun Apr  6 02:25:12 UTC 2025
Commit 1 at Mon Apr  7 02:23:58 UTC 2025
Commit 2 at Mon Apr  7 02:23:59 UTC 2025
Commit 3 at Mon Apr  7 02:24:00 UTC 2025
Commit 1 at Tue Apr  8 02:20:42 UTC 2025
Commit 2 at Tue Apr  8 02:20:43 UTC 2025
Commit 3 at Tue Apr  8 02:20:44 UTC 2025
Commit 1 at Wed Apr  9 02:22:04 UTC 2025
Commit 2 at Wed Apr  9 02:22:05 UTC 2025
Commit 3 at Wed Apr  9 02:22:06 UTC 2025
Commit 4 at Wed Apr  9 02:22:07 UTC 2025
Commit 5 at Wed Apr  9 02:22:08 UTC 2025
Commit 6 at Wed Apr  9 02:22:09 UTC 2025
Commit 1 at Thu Apr 10 02:20:49 UTC 2025
Commit 2 at Thu Apr 10 02:20:50 UTC 2025
Commit 3 at Thu Apr 10 02:20:51 UTC 2025
Commit 1 at Fri Apr 11 02:21:31 UTC 2025
Commit 2 at Fri Apr 11 02:21:32 UTC 2025
Commit 3 at Fri Apr 11 02:21:33 UTC 2025
Commit 1 at Sat Apr 12 02:18:05 UTC 2025
Commit 2 at Sat Apr 12 02:18:06 UTC 2025
Commit 1 at Sun Apr 13 03:39:29 UTC 2025
Commit 2 at Sun Apr 13 03:39:30 UTC 2025
Commit 3 at Sun Apr 13 03:39:31 UTC 2025
Commit 4 at Sun Apr 13 03:39:32 UTC 2025
Commit 5 at Sun Apr 13 03:39:33 UTC 2025
Commit 6 at Sun Apr 13 03:39:34 UTC 2025
Commit 7 at Sun Apr 13 03:39:35 UTC 2025
Commit 8 at Sun Apr 13 03:39:36 UTC 2025
Commit 9 at Sun Apr 13 03:39:37 UTC 2025
Commit 1 at Mon Apr 14 02:25:25 UTC 2025
Commit 2 at Mon Apr 14 02:25:26 UTC 2025
Commit 3 at Mon Apr 14 02:25:27 UTC 2025
Commit 4 at Mon Apr 14 02:25:28 UTC 2025
Commit 5 at Mon Apr 14 02:25:29 UTC 2025
Commit 6 at Mon Apr 14 02:25:31 UTC 2025
Commit 7 at Mon Apr 14 02:25:32 UTC 2025
Commit 8 at Mon Apr 14 02:25:33 UTC 2025
Commit 1 at Tue Apr 15 02:24:34 UTC 2025
Commit 1 at Wed Apr 16 02:23:45 UTC 2025
Commit 2 at Wed Apr 16 02:23:46 UTC 2025
Commit 3 at Wed Apr 16 02:23:47 UTC 2025
Commit 4 at Wed Apr 16 02:23:48 UTC 2025
Commit 5 at Wed Apr 16 02:23:49 UTC 2025
Commit 6 at Wed Apr 16 02:23:50 UTC 2025
Commit 7 at Wed Apr 16 02:23:51 UTC 2025
Commit 8 at Wed Apr 16 02:23:52 UTC 2025
Commit 9 at Wed Apr 16 02:23:53 UTC 2025
Commit 1 at Thu Apr 17 02:22:27 UTC 2025
Commit 2 at Thu Apr 17 02:22:28 UTC 2025
Commit 3 at Thu Apr 17 02:22:29 UTC 2025
Commit 4 at Thu Apr 17 02:22:30 UTC 2025
Commit 1 at Fri Apr 18 02:19:54 UTC 2025
Commit 2 at Fri Apr 18 02:19:55 UTC 2025
Commit 3 at Fri Apr 18 02:19:56 UTC 2025
Commit 4 at Fri Apr 18 02:19:57 UTC 2025
Commit 5 at Fri Apr 18 02:19:58 UTC 2025
Commit 6 at Fri Apr 18 02:19:59 UTC 2025
Commit 7 at Fri Apr 18 02:20:00 UTC 2025
Commit 8 at Fri Apr 18 02:20:01 UTC 2025
Commit 1 at Sat Apr 19 02:16:45 UTC 2025
Commit 1 at Sun Apr 20 02:27:56 UTC 2025
Commit 1 at Mon Apr 21 02:27:54 UTC 2025
Commit 2 at Mon Apr 21 02:27:55 UTC 2025
Commit 3 at Mon Apr 21 02:27:56 UTC 2025
Commit 1 at Tue Apr 22 02:22:44 UTC 2025
Commit 1 at Wed Apr 23 02:23:40 UTC 2025
Commit 2 at Wed Apr 23 02:23:41 UTC 2025
Commit 3 at Wed Apr 23 02:23:42 UTC 2025
Commit 4 at Wed Apr 23 02:23:43 UTC 2025
Commit 1 at Thu Apr 24 02:24:36 UTC 2025
Commit 2 at Thu Apr 24 02:24:37 UTC 2025
Commit 1 at Fri Apr 25 02:24:59 UTC 2025
Commit 1 at Sat Apr 26 02:19:25 UTC 2025
Commit 2 at Sat Apr 26 02:19:26 UTC 2025
Commit 3 at Sat Apr 26 02:19:27 UTC 2025
Commit 4 at Sat Apr 26 02:19:28 UTC 2025
Commit 5 at Sat Apr 26 02:19:29 UTC 2025
Commit 6 at Sat Apr 26 02:19:30 UTC 2025
Commit 7 at Sat Apr 26 02:19:31 UTC 2025
Commit 1 at Sun Apr 27 02:28:42 UTC 2025
Commit 2 at Sun Apr 27 02:28:43 UTC 2025
Commit 3 at Sun Apr 27 02:28:44 UTC 2025
Commit 4 at Sun Apr 27 02:28:45 UTC 2025
Commit 5 at Sun Apr 27 02:28:46 UTC 2025
Commit 6 at Sun Apr 27 02:28:47 UTC 2025
Commit 7 at Sun Apr 27 02:28:48 UTC 2025
Commit 8 at Sun Apr 27 02:28:49 UTC 2025
Commit 1 at Mon Apr 28 02:28:20 UTC 2025
Commit 2 at Mon Apr 28 02:28:21 UTC 2025
Commit 1 at Tue Apr 29 02:25:04 UTC 2025
Commit 2 at Tue Apr 29 02:25:05 UTC 2025
Commit 1 at Wed Apr 30 02:24:52 UTC 2025
Commit 2 at Wed Apr 30 02:24:53 UTC 2025
Commit 3 at Wed Apr 30 02:24:54 UTC 2025
Commit 4 at Wed Apr 30 02:24:55 UTC 2025
Commit 5 at Wed Apr 30 02:24:56 UTC 2025
Commit 6 at Wed Apr 30 02:24:57 UTC 2025
Commit 7 at Wed Apr 30 02:24:58 UTC 2025
Commit 8 at Wed Apr 30 02:24:59 UTC 2025
Commit 9 at Wed Apr 30 02:25:00 UTC 2025
